{"cameraMode":{"drawMode":2,"name":"Shaded Wireframe","section":"Shading Mode"},"sceneLighting":true,"audioPlay":false,"sceneViewState":{"showFog":true,"showMaterialUpdate":true,"showSkybox":true,"showFlares":true,"showImageEffects":true,"showParticleSystems":true},"in2DMode":false,"pivot":{"x":-0.4017159938812256,"y":2.8106846809387209,"z":-0.6423981189727783},"rotation":{"x":0.014461553655564785,"y":-0.8701749444007874,"z":0.4918941855430603,"w":0.02559141255915165},"size":10.20103931427002,"orthographic":true}