{"cameraMode":{"drawMode":2,"name":"Shaded Wireframe","section":"Shading Mode"},"sceneLighting":true,"audioPlay":false,"sceneViewState":{"showFog":true,"showMaterialUpdate":true,"showSkybox":true,"showFlares":true,"showImageEffects":true,"showParticleSystems":true},"in2DMode":false,"pivot":{"x":111.78780364990235,"y":82.941650390625,"z":22.05565071105957},"rotation":{"x":0.17011812329292298,"y":0.025734134018421174,"z":-0.004367853049188852,"w":0.9851147532463074},"size":668.6024780273438,"orthographic":true}