{"cameraMode":{"drawMode":2,"name":"Shaded Wireframe","section":"Shading Mode"},"sceneLighting":true,"audioPlay":false,"sceneViewState":{"showFog":true,"showMaterialUpdate":true,"showSkybox":true,"showFlares":true,"showImageEffects":true,"showParticleSystems":true},"in2DMode":false,"pivot":{"x":-0.4017159938812256,"y":2.8106846809387209,"z":-0.6423981189727783},"rotation":{"x":0.15326127409934998,"y":0.332877516746521,"z":-0.054842837154865268,"w":0.9288511872291565},"size":3.026327610015869,"orthographic":true}