{"cameraMode":{"drawMode":2,"name":"Shaded Wireframe","section":"Shading Mode"},"sceneLighting":true,"audioPlay":false,"sceneViewState":{"showFog":true,"showMaterialUpdate":true,"showSkybox":true,"showFlares":true,"showImageEffects":true,"showParticleSystems":true},"in2DMode":false,"pivot":{"x":-0.4017159938812256,"y":2.8106846809387209,"z":-0.6423981189727783},"rotation":{"x":-0.12589575350284577,"y":0.7670973539352417,"z":-0.15872953832149507,"w":-0.6087589263916016},"size":4.209024906158447,"orthographic":true}